[
  {
    "name": "采集解析地址",
    "desc": "内置两个，失效不要反馈。格式：名称1@地址1;名称2@地址2",
    "value": ""
  },
  {
    "name": "采集解析地址",
    "desc": "内置两个，失效不要反馈。格式：名称1@地址1;名称2@地址2",
    "value": ""
  },
  {
    "name": "囧次元更新网址",
    "desc": "填写1,然后在首页源列表重新切换到囧次元,可更新手动更新网址",
    "value": ""
  },
  {
    "name": "UCCookie",
    "desc": "用于播放UC网盘视频",
    "value": ""
  },
  {
    "name": "UC_UT",
    "desc": "播放视频自动获取，不可用时点击删除重新获取 cookie ，再重启app",
    "value": ""
  },
  {
    "name": "夸克Cookie",
    "desc": "用于播放Quark网盘视频",
    "value": ""
  },
  {
    "name": "阿里Token",
    "desc": "用于播放阿里网盘视频",
    "value": ""
  },
  {
    "name": "转存文件夹名称",
    "desc": "在各网盘转存文件时使用的文件夹名称",
    "value": ""
  },
  {
    "name": "123网盘账号",
    "desc": "用于播放123网盘视频",
    "value": ""
  },
  {
    "name": "123网盘密码",
    "desc": "用于播放123网盘视频",
    "value": ""
  },
  {
    "name": "天翼网盘账号",
    "desc": "用于播放天翼网盘视频",
    "value": ""
  },
  {
    "name": "天翼网盘密码",
    "desc": "用于播放天翼网盘视频",
    "value": ""
  },
  {
    "name": "采集解析地址",
    "desc": "内置两个，失效不要反馈。格式：名称1@地址1;名称2@地址2",
    "value": ""
  }
]